member_id,first_name,last_name,email,phone_number,date_of_birth,address_street,address_city,address_state,address_postal_code,address_country,membership_tier,membership_start_date,membership_renewal_date,membership_status,last_payment_date,last_payment_amount,last_payment_method,total_payments,total_amount_paid,engagement_score,last_engagement_date,engagement_notes,join_source,created_at,updated_at
M0001,Léa,Nguyen,lea.nguyen@usclub.org,+1-212-555-0181,2008-04-22,127 Maple Grove Rd,Brooklyn,NY,11201,USA,Basic,2023-06-05,2024-06-05,Active,2023-06-05,15,Credit Card,1,15,9.2,2023-11-22,Attended summer camp event.,Event,2023-06-05T10:42:12,2023-11-22T14:29:41
M0002,Mateo,García,mateo.garcia@esclub.es,+34-91-555-8876,1991-12-03,24 Calle Mayor,Madrid,Madrid,28013,Spain,Gold,2021-09-14,2022-09-14,Lapsed,,,,2,180,18.7,,No recent event participation.,Website,2021-09-14T09:15:21,2022-09-15T10:30:49
M0003,Sven,Johansson,sven.johansson@seclub.se,+46-8-555-7018,1962-07-18,18 Vasagatan,Stockholm,Stockholm,11120,Sweden,Platinum,2020-05-02,2023-05-02,Active,2022-05-02,289.5,Bank Transfer,8,2300,87.4,2023-04-22,Volunteered at fundraising gala.,Referral,2020-05-02T12:01:09,2023-04-22T16:18:44
M0004,Amélie,Dubois,amelie.dubois@frclub.fr,+33-1-555-9696,2005-10-10,92 Rue Lafayette,Paris,Île-de-France,75010,France,Silver,2022-04-18,2023-04-18,Active,2022-04-18,65,Credit Card,2,130,23.2,2022-09-15,Participated in youth outreach.,Social Media,2022-04-18T08:24:35,2022-09-15T17:22:11
M0005,Lucas,Smith,lucas.smith@ukclub.co.uk,+44-20-555-3399,1985-02-25,11 Queen's Road,London,Greater London,W1B 4DE,UK,Gold,2022-01-23,2023-01-23,Active,2022-01-23,120,PayPal,3,360,82.9,2022-08-30,Regularly attends networking events.,Website,2022-01-23T11:18:22,2022-08-30T18:05:53
M0006,Fatima,Ali,fatima.ali@aeclub.ae,+971-4-555-1023,1976-03-14,13 Sheikh Zayed Rd,Dubai,Dubai,00000,UAE,Platinum,2022-09-01,2024-09-01,Active,2023-09-01,300,Credit Card,4,1200,97.2,2023-10-10,Donated to annual fundraiser.,Referral,2022-09-01T09:25:12,2023-10-10T13:19:54
M0007,Emily,O'Connor,emily.oconnor@ausclub.au,+61-2-555-7771,1988-11-07,53 William St,Sydney,NSW,2000,Australia,Silver,2023-02-14,2024-02-14,Active,2023-02-14,76,Credit Card,1,76,41.3,2023-05-05,Helped organize club social.,Event,2023-02-14T10:08:31,2023-05-05T16:12:47
M0008,Jasper,Lee,jasper.lee@sgclub.sg,+65-555-8881,1993-08-16,44 Orchard Rd,Singapore,Central,238863,Singapore,Gold,2023-03-01,2024-03-01,Active,2023-03-01,119,Bank Transfer,2,238,76.5,2023-09-18,Led volunteer project.,Website,2023-03-01T08:07:54,2023-09-18T14:18:36
M0009,Olivia,Martínez,olivia.martinez@mxclub.mx,+52-55-555-1234,1969-09-21,89 Avenida Reforma,Mexico City,CDMX,01020,Mexico,Platinum,2021-08-15,2023-08-15,Active,2022-08-15,275,PayPal,7,1925,65.9,2023-01-30,Coordinated annual retreat.,Referral,2021-08-15T11:20:15,2023-01-30T15:33:28
M0010,Sophia,Chen,sophia.chen@hkclub.hk,+852-555-0202,1983-06-29,12 Nathan Road,Hong Kong,Hong Kong,999077,Hong Kong,Gold,2022-07-20,2023-07-20,Active,2022-07-20,115,Credit Card,3,345,68.1,2023-02-14,Attended leadership seminar.,Website,2022-07-20T09:11:07,2023-02-14T13:45:21
M0011,Ava,Petrova,ava.petrova@ruclub.ru,+7-495-555-1717,2007-01-11,54 Tverskaya St,Moscow,Moscow,125009,Russia,Basic,2023-10-09,2024-10-09,Active,2023-10-09,12,Credit Card,1,12,5.6,2023-11-05,Joined as student member.,Event,2023-10-09T15:14:19,2023-11-05T09:33:08
M0012,Isabella,Rossi,isabella.rossi@itclub.it,+39-06-555-6060,1971-05-05,5 Via del Corso,Rome,Lazio,00187,Italy,Platinum,2022-10-11,2024-10-11,Active,2023-10-11,280,Bank Transfer,6,1680,91.5,2023-12-01,Organized volunteer clean-up.,Referral,2022-10-11T08:40:13,2023-12-01T17:25:44
M0013,David,Kim,david.kim@krclub.kr,+82-2-555-3333,1986-03-17,31 Gangnam-daero,Seoul,Seoul,06130,South Korea,Gold,2023-01-05,2024-01-05,Active,2023-01-05,112,Credit Card,2,224,61.8,2023-08-15,Attended technology workshop.,Website,2023-01-05T10:05:41,2023-08-15T12:17:38
M0014,Hannah,Schmidt,hannah.schmidt@declub.de,+49-30-555-4141,1997-07-28,20 Friedrichstr.,Berlin,Berlin,10117,Germany,Silver,2022-08-10,2023-08-10,Active,2022-08-10,79,PayPal,2,158,34.7,2022-12-07,Assisted with club newsletter.,Social Media,2022-08-10T09:31:29,2022-12-07T15:44:30
M0015,Mia,Johnson,mia.johnson@usclub.org,+1-617-555-0844,1972-12-16,222 Beacon St,Boston,MA,02116,USA,Platinum,2022-02-03,2024-02-03,Active,2023-02-03,265,Credit Card,6,1590,73.4,2023-06-22,Donated and volunteered at gala.,Referral,2022-02-03T13:12:51,2023-06-22T11:20:32
M0016,Noah,Williams,noah.williams@usclub.org,+1-415-555-6717,1992-08-25,56 Market St,San Francisco,CA,94105,USA,Gold,2023-04-10,2024-04-10,Active,2023-04-10,113,Bank Transfer,2,226,69.9,2023-11-04,Attended and organized tech meet.,Website,2023-04-10T10:39:17,2023-11-04T15:50:22
M0017,Nina,Kovac,nina.kovac@hrclub.hr,+385-1-555-7711,1999-03-05,8 Ulica Ilica,Zagreb,Zagreb,10000,Croatia,Silver,2023-05-12,2024-05-12,Active,2023-05-12,61,Credit Card,1,61,48.2,2023-08-20,Helped with youth event.,Event,2023-05-12T09:58:22,2023-08-20T17:16:43
M0018,Yasmine,Ben Ali,yasmine.benali@tnclub.tn,+216-71-555-8101,2006-06-14,21 Rue Habib Bourguiba,Tunis,Tunis,1001,Tunisia,Basic,2023-09-08,2024-09-08,Active,2023-09-08,17,Cash,1,17,10.1,2023-10-15,Joined with school group.,Social Media,2023-09-08T12:32:09,2023-10-15T11:54:22
M0019,Luca,Greco,luca.greco@itclub.it,+39-02-555-9122,1981-04-19,37 Via Torino,Milan,Lombardy,20123,Italy,Gold,2022-03-17,2023-03-17,Active,2022-03-17,105,Credit Card,2,210,42.6,2022-08-25,Attended club business forum.,Event,2022-03-17T10:19:31,2022-08-25T15:23:40
M0020,Elena,Kuznetsova,elena.kuznetsova@ruclub.ru,,2009-09-29,63 Prospekt Mira,Moscow,Moscow,129110,Russia,Basic,2023-11-12,2024-11-12,Active,2023-11-12,9,Cash,1,9,6.3,2023-11-20,Participated in family day.,Event,2023-11-12T08:26:17,2023-11-20T10:04:35
M0021,Kai,Tan,kai.tan@sgclub.sg,+65-555-7701,2003-05-03,77 Bukit Timah Rd,Singapore,West,259785,Singapore,Silver,2023-06-30,2024-06-30,Active,2023-06-30,62,Credit Card,1,62,19.8,2023-09-02,Joined peer leadership program.,Social Media,2023-06-30T09:37:14,2023-09-02T18:29:44
M0022,Sara,El-Sayed,sara.elsayed@egclub.eg,+20-2-555-9090,1995-12-21,19 Ramses St,Cairo,Cairo,11511,Egypt,Gold,2023-03-15,2024-03-15,Active,2023-03-15,98,Credit Card,2,196,53.1,2023-07-20,Attended club conference.,Website,2023-03-15T11:03:08,2023-07-20T13:35:22
M0023,Theo,Dupont,theo.dupont@frclub.fr,+33-1-555-9919,1984-04-16,67 Rue de Rivoli,Paris,Île-de-France,75004,France,Gold,2021-06-11,2022-06-11,Lapsed,,,,1,110,8.2,,"Membership expired, no recent activity.",Other,2021-06-11T08:41:22,2022-06-12T16:19:35
M0024,Jan,Novák,jan.novak@czclub.cz,+420-2-555-8191,2001-05-22,10 Vinohradská,Prague,Prague,11000,Czechia,Silver,2023-04-24,2024-04-24,Active,2023-04-24,67,Credit Card,1,67,25.7,2023-07-18,Assisted with new member orientation.,Social Media,2023-04-24T08:12:47,2023-07-18T17:21:09
M0025,Zara,Sharma,zara.sharma@inclub.in,+91-11-555-3131,1989-08-13,72 Connaught Place,Delhi,Delhi,110001,India,Gold,2022-11-16,2023-11-16,Active,2022-11-16,101,Credit Card,2,202,62.4,2023-06-12,Participated in annual dinner.,Website,2022-11-16T08:23:44,2023-06-12T16:34:50
M0026,Mohammed,Al-Farsi,mohammed.alfarsi@omclub.om,+968-24-555-909,1978-04-09,6 Sultan Qaboos St,Muscat,Muscat,112,Oman,Platinum,2021-01-15,2023-01-15,Active,2022-01-15,252,Bank Transfer,5,1260,84.1,2022-12-05,Donated and led cultural fair.,Referral,2021-01-15T09:50:17,2022-12-05T17:16:23
M0027,Anna,Müller,anna.mueller@declub.de,+49-89-555-2121,2008-03-28,14 Leopoldstr.,Munich,Bavaria,80333,Germany,Basic,2023-07-07,2024-07-07,Active,2023-07-07,13,Credit Card,1,13,7.8,2023-09-24,Attended summer youth seminar.,Event,2023-07-07T09:59:22,2023-09-24T13:11:35
M0028,Maksim,Ivanov,maksim.ivanov@ruclub.ru,,2012-12-07,102 Leninsky Prospekt,Moscow,Moscow,119313,Russia,Basic,2023-12-01,2024-12-01,Active,2023-12-01,10,Cash,1,10,3.2,2023-12-10,Joined with family membership.,Event,2023-12-01T08:38:14,2023-12-10T10:21:29
M0029,Julia,Hansen,julia.hansen@dkclub.dk,+45-3-555-3939,2000-12-13,21 Nørrebrogade,Copenhagen,Hovedstaden,2200,Denmark,Silver,2023-02-22,2024-02-22,Active,2023-02-22,59,PayPal,1,59,27.6,2023-09-05,Assisted in club registration drive.,Social Media,2023-02-22T09:42:18,2023-09-05T12:43:55
M0030,Samuel,Brown,samuel.brown@usclub.org,+1-312-555-1751,1959-11-28,34 Lake Shore Dr,Chicago,IL,60601,USA,Platinum,2021-04-15,2023-04-15,Active,2022-04-15,275,Credit Card,9,2475,80.5,2022-11-22,Donor and board member.,Referral,2021-04-15T09:51:22,2022-11-22T17:13:49
M0031,Tobias,Eriksen,tobias.eriksen@noclub.no,+47-2-555-4444,1996-02-11,7 Karl Johans gate,Oslo,Oslo,0154,Norway,Silver,2023-05-05,2024-05-05,Active,2023-05-05,70,Credit Card,1,70,39.5,2023-08-18,Helped with club website update.,Social Media,2023-05-05T10:13:29,2023-08-18T15:21:57
M0032,Chloe,Lefevre,chloe.lefevre@frclub.fr,+33-1-555-2828,1987-10-04,30 Boulevard Montparnasse,Paris,Île-de-France,75015,France,Gold,2022-09-08,2023-09-08,Active,2022-09-08,109,Bank Transfer,2,218,68.7,2023-06-17,Attended annual general meeting.,Website,2022-09-08T09:44:59,2023-06-17T16:22:12
M0033,Marta,Lopez,marta.lopez@esclub.es,+34-93-555-8282,1978-09-06,25 Passeig de Gracia,Barcelona,Catalonia,08007,Spain,Platinum,2021-02-19,2023-02-19,Active,2022-02-19,270,Credit Card,7,1890,75.6,2022-11-25,Board member and donor.,Referral,2021-02-19T08:50:21,2022-11-25T18:32:44
M0034,William,Evans,william.evans@ukclub.co.uk,+44-161-555-1112,1990-07-31,15 Oxford St,Manchester,Greater Manchester,M1 5AN,UK,Gold,2023-04-09,2024-04-09,Active,2023-04-09,105,Credit Card,1,105,58.2,2023-10-21,Attended business networking event.,Website,2023-04-09T09:22:11,2023-10-21T15:47:36
M0035,Mark,Liu,mark.liu@hkclub.hk,+852-555-0303,1982-03-21,7 Queensway,Hong Kong,Hong Kong,999077,Hong Kong,Gold,2022-03-28,2023-03-28,Active,2022-03-28,99,PayPal,2,198,64,2022-09-24,Presented at member education night.,Website,2022-03-28T08:13:33,2022-09-24T10:26:42
M0036,Emma,Murphy,emma.murphy@ieclub.ie,+353-1-555-4142,1998-10-17,8 Grafton St,Dublin,Leinster,D02 K540,Ireland,Silver,2023-06-15,2024-06-15,Active,2023-06-15,68,Credit Card,1,68,43.5,2023-09-20,Helped with club fundraiser.,Event,2023-06-15T09:39:25,2023-09-20T16:18:11
M0037,Oliver,Harris,oliver.harris@ukclub.co.uk,+44-20-555-2211,1980-02-26,18 Baker St,London,Greater London,NW1 6XE,UK,Gold,2021-10-17,2022-10-17,Lapsed,,,,2,210,0,,No activity after renewal missed.,Other,2021-10-17T11:24:09,2022-10-18T14:07:27
M0038,Maya,Singh,maya.singh@inclub.in,+91-22-555-6767,2005-01-25,20 Marine Drive,Mumbai,Maharashtra,400020,India,Silver,2023-08-21,2024-08-21,Active,2023-08-21,60,Credit Card,1,60,18.3,2023-10-29,Helped organize youth event.,Social Media,2023-08-21T09:18:10,2023-10-29T13:33:47
M0039,Ethan,Ng,ethan.ng@sgclub.sg,,2010-02-14,9 Holland Ave,Singapore,Central,278963,Singapore,Basic,2023-09-20,2024-09-20,Active,2023-09-20,14,Cash,1,14,7.1,2023-10-28,Participated in family day.,Event,2023-09-20T11:33:09,2023-10-28T12:56:44
M0040,Charlotte,Wilson,charlotte.wilson@usclub.org,+1-202-555-7735,1986-06-06,77 K St NW,Washington,DC,20001,USA,Gold,2022-05-24,2023-05-24,Active,2022-05-24,107,Credit Card,2,214,70.2,2023-01-16,Led club public relations team.,Website,2022-05-24T08:30:19,2023-01-16T17:09:43
M0041,Oscar,Silva,oscar.silva@brclub.br,+55-11-555-1616,1965-07-11,88 Avenida Paulista,São Paulo,SP,01311-000,Brazil,Platinum,2021-10-10,2023-10-10,Active,2022-10-10,260,Credit Card,8,2080,69.2,2023-08-14,Donated and led outreach program.,Referral,2021-10-10T10:27:11,2023-08-14T15:44:58
M0042,Lucy,Davies,lucy.davies@ukclub.co.uk,+44-20-555-6566,2002-05-30,123 Kings Road,London,Greater London,SW3 4RY,UK,Silver,2023-03-11,2024-03-11,Active,2023-03-11,62.5,Credit Card,1,62.5,22.4,2023-09-17,Helped organize club event.,Event,2023-03-11T09:20:45,2023-09-17T18:14:33
M0043,Gabriel,Fernandes,gabriel.fernandes@brclub.br,+55-21-555-5222,1982-09-19,34 Rua das Laranjeiras,Rio de Janeiro,RJ,22240-003,Brazil,Gold,2023-02-08,2024-02-08,Active,2023-02-08,102,Credit Card,2,204,54.5,2023-10-11,Attended club sports league.,Website,2023-02-08T08:12:48,2023-10-11T15:13:44
M0044,Jana,Horáková,jana.horakova@czclub.cz,+420-5-555-2221,1985-09-08,29 Smetanova,Brno,South Moravia,60200,Czechia,Gold,2022-06-30,2023-06-30,Active,2022-06-30,108,Credit Card,2,216,46.3,2023-03-08,Assisted with event setup.,Event,2022-06-30T09:30:41,2023-03-08T16:24:14
M0045,Felix,Wong,felix.wong@hkclub.hk,+852-555-0404,2004-05-19,18 Hennessy Rd,Hong Kong,Hong Kong,999077,Hong Kong,Silver,2023-11-18,2024-11-18,Active,2023-11-18,63,Credit Card,1,63,17.7,2023-12-05,Joined student leadership program.,Social Media,2023-11-18T09:10:23,2023-12-05T17:14:07
M0046,Ahmed,Haddad,ahmed.haddad@ma.club.ma,+212-5-555-4242,1996-12-15,22 Avenue Hassan II,Casablanca,Casablanca,20000,Morocco,Gold,2023-10-02,2024-10-02,Active,2023-10-02,99,Credit Card,1,99,55.6,2023-12-01,Organized club open house.,Website,2023-10-02T10:38:54,2023-12-01T17:13:26
M0047,Sofia,Costa,sofia.costa@ptclub.pt,+351-21-555-4444,1993-09-26,55 Avenida da Liberdade,Lisbon,Lisbon,1250-145,Portugal,Gold,2022-08-13,2023-08-13,Active,2022-08-13,98,Credit Card,2,196,61.5,2023-03-10,Participated in annual party.,Website,2022-08-13T08:11:47,2023-03-10T15:01:29
M0048,Elijah,Carter,elijah.carter@usclub.org,+1-305-555-8888,2007-07-15,93 Ocean Dr,Miami,FL,33139,USA,Basic,2023-08-22,2024-08-22,Active,2023-08-22,16,Credit Card,1,16,15,2023-09-30,Attended family day.,Event,2023-08-22T09:06:31,2023-09-30T14:27:15
M0049,Ivan,Petrov,ivan.petrov@ruclub.ru,+7-812-555-5050,1983-04-30,19 Nevsky Prospekt,Saint Petersburg,Saint Petersburg,191025,Russia,Gold,2022-12-11,2023-12-11,Active,2022-12-11,104,Bank Transfer,2,208,57.8,2023-07-14,Presented at member appreciation night.,Website,2022-12-11T11:28:49,2023-07-14T14:06:17
M0050,Layla,Khan,layla.khan@pkclub.pk,+92-21-555-7090,2002-11-08,101 Clifton Rd,Karachi,Sindh,75600,Pakistan,Silver,2023-05-23,2024-05-23,Active,2023-05-23,60,Credit Card,1,60,36.2,2023-10-01,Helped with club community project.,Social Media,2023-05-23T10:17:25,2023-10-01T16:11:42
M0051,Márton,Lefèvre,marton.lefevre@orange.fr,+33-145678301,1963-11-12,34 Rue des Lilas,Lyon,Auvergne-Rhône-Alpes,69003,France,Gold,2018-05-20,2019-05-20,Active,2019-04-30,160,Bank Transfer,5,800,74.4,2019-05-15,Active in fundraising and attended annual gala.,Referral,2018-05-20T09:55:33,2019-06-01T12:47:21
M0052,Nia,O'Keefe,nia.okeefe@bt.co.uk,+44-7770234561,1988-03-19,18 Maple Avenue,Manchester,Greater Manchester,M13 9PL,United Kingdom,Silver,2021-07-10,2022-07-10,Active,2022-07-01,72.5,Credit Card,2,145,58.2,2022-07-08,Participated in summer event and regular meetings.,Social Media,2021-07-10T15:20:44,2022-07-10T16:05:12
M0053,Wei,Zhu,wei.zhu@china.com,+86-13809876541,2004-06-15,89 Jing'an Road,Shanghai,Shanghai,200041,China,Basic,2022-09-01,2023-09-01,Active,2022-09-01,14,Bank Transfer,1,14,9.8,2022-09-10,Attended youth leadership workshop.,Event,2022-08-19T11:33:20,2022-09-15T09:21:08
M0054,Lukas,Schäfer,lukas.schaefer@web.de,+49-1723456789,1972-01-28,41 Lindenstraße,Düsseldorf,NRW,40211,Germany,Platinum,2017-02-13,2019-02-13,Active,2019-02-05,300,Credit Card,7,2100,89.5,2019-02-20,"Major donor, hosted networking brunch.",Referral,2017-02-13T08:10:44,2019-03-01T15:18:57
M0055,Jenna,Nguyen,jenna.nguyen@singnet.sg,+65-98230145,1995-12-05,313 Orchard Road,Singapore,Central,238895,Singapore,Gold,2020-01-22,2021-01-22,Active,2021-01-15,120,PayPal,3,360,67.3,2021-01-20,Organized volunteer outreach programme.,Website,2020-01-22T17:40:11,2021-01-30T12:14:06
M0056,Fatima,El-Sayed,fatima.elsayed@outlook.com.eg,+20-100456789,1980-10-17,15 Tahrir Street,Cairo,Cairo,11511,Egypt,Silver,2022-03-12,2023-03-12,Active,2023-03-05,69,Bank Transfer,2,138,41.9,2023-03-10,Coordinated local clean-up project.,Other,2022-03-12T08:03:28,2023-03-15T13:22:44
M0057,Aditya,Bhattacharya,aditya.bhattacharya@rediffmail.in,+91-9812345678,1999-07-23,112 MG Road,Kolkata,West Bengal,700009,India,Gold,2021-04-11,2022-04-11,Active,2022-04-05,110,PayPal,2,220,63.2,2022-04-09,Volunteered at annual cultural event.,Event,2021-04-11T10:50:19,2022-04-16T18:32:20
M0058,Katarzyna,Nowak,katarzyna.nowak@wp.pl,+48-600123456,1975-05-29,8 Swietokrzyska,Warsaw,Mazowieckie,00-050,Poland,Platinum,2016-09-05,2018-09-05,Active,2018-08-27,250,Credit Card,6,1500,95.1,2018-09-05,"Major contributor, led international conference.",Referral,2016-09-05T14:25:00,2018-09-05T17:22:45
M0059,Sofia,Jiménez,sofia.jimenez@telefonica.es,+34-659123456,1997-02-16,45 Calle Goya,Madrid,Madrid,28009,Spain,Silver,2022-11-03,2023-11-03,Active,2023-10-25,76,Credit Card,2,152,49.6,2023-11-03,Attended club trips and participated in online forum.,Social Media,2022-11-03T19:02:13,2023-11-03T20:11:54
M0060,Noah,Anderson,noah.anderson@gmail.com,+1-4155550112,1985-04-22,900 Market St,San Francisco,CA,94103,USA,Gold,2020-06-30,2021-06-30,Active,2021-06-15,130,Credit Card,4,520,81.9,2021-06-27,Attends monthly networking mixers.,Website,2020-06-30T13:45:55,2021-07-02T07:58:14
M0061,Isabelle,Voisin,isabelle.voisin@orange.fr,+33-147823412,2007-09-12,56 Rue des Fleurs,Nice,Provence-Alpes-Côte d'Azur,06000,France,Basic,2023-05-16,2024-05-16,Active,2023-05-16,12,Cash,1,12,7.1,2023-05-18,Enrolled in children's art camp.,Event,2023-05-16T10:22:14,2023-05-18T14:10:19
M0062,Mateo,Rodríguez,mateo.rodriguez@prodigy.mx,+52-5551234567,1960-12-02,65 Avenida Insurgentes,Mexico City,CDMX,01219,Mexico,Platinum,2015-08-22,2017-08-22,Active,2017-08-15,299,Credit Card,8,2392,93.7,2017-08-22,"Lifetime honorary member, organizes regional outreach.",Referral,2015-08-22T09:12:32,2017-09-01T12:31:41
M0063,Ava,McCarthy,ava.mccarthy@eir.ie,+353-872345671,1991-06-18,92 St Stephen's Green,Dublin,County Dublin,D02 XY76,Ireland,Silver,2020-02-18,2021-02-18,Active,2021-02-15,70,Bank Transfer,2,140,54.8,2021-02-18,Regularly volunteers at local events.,Website,2020-02-18T09:15:22,2021-02-19T10:43:51
M0064,Max,Tremblay,max.tremblay@videotron.ca,+1-5145558129,1970-08-09,225 Rue Sainte-Catherine,Montreal,QC,H2X 1L2,Canada,Gold,2019-07-21,2020-07-21,Active,2020-07-18,115,Credit Card,4,460,66.7,2020-07-21,Keynote speaker at annual conference.,Other,2019-07-21T14:03:39,2020-07-22T08:11:32
M0065,Maya,Gupta,maya.gupta@gmail.com,+91-9876543210,2006-01-14,21 Tagore Lane,Delhi,Delhi,110021,India,Basic,2022-01-20,2023-01-20,Active,2022-01-20,18,Cash,1,18,14.5,2022-01-29,Participated in student science fair.,Event,2022-01-20T13:00:10,2022-02-01T16:23:40
M0066,James,Ng,james.ng@singnet.sg,+65-98307023,1958-05-10,17 Bukit Timah Road,Singapore,West,229837,Singapore,Platinum,2014-04-10,2017-04-10,Active,2017-04-03,295,Credit Card,9,2655,97.6,2017-04-10,Longtime member; leads club sponsorship.,Referral,2014-04-10T10:47:25,2017-05-01T11:03:12
M0067,Sophie,Dubois,sophie.dubois@orange.fr,+33-142678902,1983-10-03,11 Boulevard Saint-Michel,Paris,Île-de-France,75005,France,Gold,2019-09-12,2020-09-12,Active,2020-09-01,135,PayPal,3,405,71.2,2020-09-10,Regular attendee at Paris chapter meetings.,Website,2019-09-12T20:50:12,2020-09-14T09:22:34
M0068,Omar,Al-Farsi,omar.alfarsi@outlook.com.om,+968-99234561,1986-08-19,19 Al Khuwair St,Muscat,Muscat,112,Oman,Silver,2022-06-21,2023-06-21,Active,2023-06-15,68,Bank Transfer,2,136,37.3,2023-06-21,Volunteered for regional cultural festival.,Event,2022-06-21T07:41:08,2023-06-23T17:13:45
M0069,Ella,Johnson,ella.johnson@yahoo.com,+1-2125557340,1992-09-09,56 West 38th St,New York,NY,10018,USA,Gold,2021-03-14,2022-03-14,Active,2022-03-05,116,Bank Transfer,2,232,61.6,2022-03-12,Active in women’s leadership programme.,Social Media,2021-03-14T11:15:27,2022-03-16T16:34:01
M0070,Tomás,Martínez,tomas.martinez@telefonica.es,+34-679123456,2008-04-27,28 Calle Mayor,Valencia,Valencian Community,46001,Spain,Basic,2023-04-27,2024-04-27,Active,2023-04-27,11,Cash,1,11,8.4,2023-05-02,Attended family fun day event.,Event,2023-04-27T12:17:05,2023-05-03T09:34:10
M0071,Simone,Russo,simone.russo@virgilio.it,+39-3291234567,1981-02-14,45 Via Roma,Milan,Lombardy,20121,Italy,Silver,2021-08-06,2022-08-06,Active,2022-08-02,75,Credit Card,3,225,53.7,2022-08-06,Member of art club and committee volunteer.,Website,2021-08-06T16:55:34,2022-08-08T10:11:25
M0072,Liam,Müller,liam.mueller@web.de,+49-1512345678,2005-02-23,12 Hauptstraße,Berlin,Berlin,10115,Germany,Basic,2022-02-23,2023-02-23,Active,2022-02-23,15,Bank Transfer,1,15,10.2,2022-03-01,Joined youth team for spring event.,Event,2022-02-23T13:50:22,2022-03-02T08:30:50
M0073,Tara,Patel,tara.patel@gmail.com,+91-9887670123,2009-08-19,33 Park Avenue,Mumbai,Maharashtra,400012,India,Basic,2023-08-19,2024-08-19,Active,2023-08-19,9,Cash,1,9,5.7,2023-08-22,Attended family orientation event.,Social Media,2023-08-19T09:24:17,2023-08-22T15:44:18
M0074,Victor,Lee,victor.lee@outlook.com,+1-2135559999,1982-07-04,789 S Main St,Los Angeles,CA,90014,USA,Gold,2021-12-01,2022-12-01,Active,2022-11-25,126,Credit Card,3,378,80.2,2022-12-01,Regularly attends member mixers.,Website,2021-12-01T10:22:16,2022-12-03T11:34:22
M0075,Astrid,Eriksson,astrid.eriksson@outlook.com.se,+46-701234567,1968-05-01,54 Vasagatan,Stockholm,Stockholm,11120,Sweden,Platinum,2016-03-12,2018-03-12,Active,2018-03-10,270,Credit Card,7,1890,90.6,2018-03-12,"Active on board, speaker at annual retreat.",Referral,2016-03-12T08:12:44,2018-03-15T09:10:45
M0076,Chloe,Baker,chloe.baker@gmail.com,+1-6175552344,1994-12-16,21 Beacon St,Boston,MA,02108,USA,Silver,2020-09-27,2021-09-27,Active,2021-09-15,73,Bank Transfer,2,146,44.2,2021-09-24,Volunteered at annual charity walk.,Event,2020-09-27T14:38:55,2021-09-28T10:50:11
M0077,Oscar,Rivera-Garcia,oscar.rivera.garcia@prodigy.mx,+52-5557654321,1955-06-07,203 Calle Reforma,Monterrey,Nuevo León,64000,Mexico,Platinum,2012-06-08,2015-06-08,Active,2015-06-01,285,PayPal,10,2850,99.8,2015-06-08,Lifetime member and major annual donor.,Other,2012-06-08T09:30:00,2015-06-09T12:45:21
M0078,Elena,Popescu,elena.popescu@yahoo.com.ro,+40-721234567,1982-03-08,32 Strada Universitatii,Bucharest,Bucharest,010014,Romania,Silver,2022-05-13,2023-05-13,Active,2023-05-10,70,Credit Card,2,140,40.9,2023-05-13,Active in women's leadership programme.,Website,2022-05-13T11:05:33,2023-05-15T14:17:44
M0079,Ethan,Smith,ethan.smith@gmail.com,+1-3125550910,1979-05-21,188 N Clark St,Chicago,IL,60601,USA,Gold,2018-03-14,2019-03-14,Active,2019-03-01,120,Bank Transfer,5,600,77.1,2019-03-10,Committee volunteer and annual event host.,Referral,2018-03-14T12:40:18,2019-03-20T14:59:00
M0080,Lucía,Fernández,lucia.fernandez@telefonica.es,+34-645678901,1998-12-04,63 Avenida Diagonal,Barcelona,Catalonia,08019,Spain,Silver,2022-10-06,2023-10-06,Active,2023-09-30,74,Credit Card,2,148,52.8,2023-10-06,Volunteered at annual cultural festival.,Event,2022-10-06T09:30:03,2023-10-07T13:44:22
M0081,Emil,Johansson,emil.johansson@outlook.com.se,+46-705678912,1959-03-31,5 Kungsgatan,Gothenburg,Västra Götaland,41119,Sweden,Platinum,2013-04-28,2016-04-28,Active,2016-04-20,298,Credit Card,10,2980,98.2,2016-04-28,Led international member engagement taskforce.,Other,2013-04-28T07:15:35,2016-04-29T12:22:18
M0082,Olivia,Martin,olivia.martin@bt.co.uk,+44-7789123456,1986-11-29,12 Baker Street,London,Greater London,NW1 6XE,United Kingdom,Gold,2021-11-12,2022-11-12,Active,2022-11-01,124,PayPal,3,372,83.2,2022-11-12,Moderates online member forum.,Website,2021-11-12T10:21:44,2022-11-14T08:33:17
M0083,Amira,Khalil,amira.khalil@outlook.com.eg,+20-100567891,2007-02-20,2 El-Maadi St,Cairo,Cairo,11512,Egypt,Basic,2022-02-20,2023-02-20,Active,2022-02-20,11,Cash,1,11,6.8,2022-02-25,Attended youth member orientation.,Event,2022-02-20T15:00:33,2022-02-26T09:21:12
M0084,Milan,Petrović,milan.petrovic@yahoo.com.rs,+381-641234567,1988-07-18,41 Bulevar Kralja Aleksandra,Belgrade,Central Serbia,11000,Serbia,Silver,2021-05-09,2022-05-09,Active,2022-05-01,69,Bank Transfer,2,138,38.5,2022-05-09,Active in sports club events.,Social Media,2021-05-09T13:45:22,2022-05-10T10:57:11
M0085,Emily,Roberts,emily.roberts@gmail.com,+1-7185556578,1990-08-09,80 Flatbush Ave,Brooklyn,NY,11201,USA,Gold,2021-02-21,2022-02-21,Active,2022-02-15,119,Credit Card,3,357,74.3,2022-02-21,Leads monthly member workshops.,Website,2021-02-21T16:50:12,2022-02-23T18:32:59
M0086,Carlos,Gómez,carlos.gomez@telefonica.es,+34-665123456,2005-11-28,15 Calle Real,Seville,Andalusia,41001,Spain,Basic,2022-11-28,2023-11-28,Active,2022-11-28,10,Cash,1,10,8.2,2022-12-05,Participated in youth soccer league.,Event,2022-11-28T09:49:22,2022-12-06T13:15:17
M0087,Clara,Santos,clara.santos@gmail.com.br,+55-1198765432,1982-06-05,87 Avenida Paulista,São Paulo,SP,01311-000,Brazil,Silver,2022-10-14,2023-10-14,Active,2023-10-01,72,Bank Transfer,2,144,41.7,2023-10-14,Organized member fitness challenge.,Social Media,2022-10-14T10:41:00,2023-10-15T12:21:33
M0088,Miguel,Silva,miguel.silva@gmail.com.pt,+351-912345678,1974-01-17,101 Rua Augusta,Lisbon,Lisbon,1100-048,Portugal,Gold,2019-01-05,2020-01-05,Active,2020-01-01,121,Bank Transfer,3,363,63.9,2020-01-05,Led member hiking trip to Sintra.,Other,2019-01-05T16:20:09,2020-01-10T11:33:41
M0089,Hanna,Kowalska,hanna.kowalska@wp.pl,+48-601234567,1977-10-22,19 Marszałkowska,Warsaw,Mazowieckie,00-639,Poland,Silver,2021-04-11,2022-04-11,Active,2022-04-01,77,PayPal,2,154,53.1,2022-04-13,Regularly attends member meetups.,Website,2021-04-11T13:32:45,2022-04-14T10:55:11
M0090,Sam,Williams,sam.williams@gmail.com,+1-6465559090,1966-11-13,66 7th Ave,New York,NY,10011,USA,Platinum,2010-02-27,2013-02-27,Active,2013-02-20,300,Credit Card,10,3000,97.9,2013-02-27,"Board member, major annual donor.",Referral,2010-02-27T08:03:22,2013-03-01T10:45:45
M0091,Yara,Ben Saïd,yara.bensaid@outlook.com.tn,+216-22567890,2003-05-12,7 Rue de la Liberté,Tunis,Tunis,1002,Tunisia,Basic,2022-05-12,2023-05-12,Active,2022-05-12,13,Cash,1,13,11.1,2022-05-15,Attended youth leadership camp.,Event,2022-05-12T13:10:03,2022-05-17T10:45:12
M0092,Mia,Kerr,mia.kerr@bt.co.uk,+44-7712345678,1994-02-07,42 Queen's Road,Bristol,Bristol,BS8 1RE,United Kingdom,Silver,2020-04-11,2021-04-11,Active,2021-04-01,74,PayPal,2,148,46.8,2021-04-11,Volunteered for spring festival.,Event,2020-04-11T17:22:33,2021-04-12T15:29:44
M0093,Jonas,Larsen,jonas.larsen@outlook.com.dk,+45-22123456,1971-09-23,18 Nørregade,Copenhagen,Hovedstaden,1165,Denmark,Gold,2016-07-14,2017-07-14,Active,2017-07-10,119,Credit Card,3,357,78.7,2017-07-13,Annual leadership seminar host.,Referral,2016-07-14T10:55:13,2017-07-15T08:31:29
M0094,Aisha,Ahmed,aisha.ahmed@outlook.com,+1-4045551223,2006-03-03,401 Peachtree St,Atlanta,GA,30308,USA,Basic,2022-03-03,2023-03-03,Active,2022-03-03,16,Cash,1,16,13.6,2022-03-10,Participated in student debate club.,Event,2022-03-03T10:33:44,2022-03-11T12:15:13
M0095,Lars,Eriksson,lars.eriksson@outlook.com.se,+46-708234567,1990-01-20,15 Drottninggatan,Uppsala,Uppsala County,75310,Sweden,Silver,2021-11-19,2022-11-19,Active,2022-11-10,71,Bank Transfer,2,142,48.3,2022-11-19,Volunteered for member outreach.,Website,2021-11-19T09:41:55,2022-11-20T12:34:10
M0096,Lea,Müller,lea.mueller@web.de,+49-1701234567,2009-07-29,17 Mozartstraße,Munich,Bavaria,80335,Germany,Basic,2023-07-29,2024-07-29,Active,2023-07-29,13,Cash,1,13,7.9,2023-08-01,Attended youth summer workshop.,Event,2023-07-29T11:18:03,2023-08-02T09:44:17
M0097,Harvey,Evans,harvey.evans@gmail.com,+1-3125558710,1981-12-11,123 S State St,Chicago,IL,60603,USA,Gold,2019-11-30,2020-11-30,Active,2020-11-25,125,Credit Card,4,500,82.5,2020-11-30,Leads member social events.,Website,2019-11-30T13:25:17,2020-12-01T08:41:11
M0098,Santiago,Vega,santiago.vega@prodigy.mx,+52-5552345678,1973-02-15,44 Calle 42,Guadalajara,Jalisco,44600,Mexico,Silver,2022-07-23,2023-07-23,Active,2023-07-15,72,Bank Transfer,2,144,39.8,2023-07-23,Volunteered for local food drive.,Event,2022-07-23T10:07:44,2023-07-24T13:20:29
M0099,Niels,Jensen,niels.jensen@outlook.com.dk,+45-22345678,2008-06-25,27 Østerbrogade,Copenhagen,Hovedstaden,2100,Denmark,Basic,2023-06-25,2024-06-25,Active,2023-06-25,13,Cash,1,13,8.9,2023-07-01,Joined summer sports club.,Event,2023-06-25T10:55:40,2023-07-02T09:34:12
M0100,Mariam,Al-Mansouri,mariam.almansouri@outlook.com.ae,+971-501234567,1989-04-02,17 Al Wasl Road,Dubai,Dubai,00000,UAE,Silver,2022-12-11,2023-12-11,Active,2023-12-01,73,Bank Transfer,2,146,41.3,2023-12-11,Organized member cultural event.,Social Media,2022-12-11T12:34:33,2023-12-12T13:55:40
M0201,Iván,Johansson,ivan.johansson@swedenmail.se,+46-702345671,1979-11-14,12 Vintervägen,Göteborg,Västra Götaland,41105,Sweden,Gold,2020-06-04,2021-06-04,Active,2021-05-30,120,Credit Card,4,480,68.2,2021-06-01,Participated in annual club dinner and networking event.,Referral,2020-06-04T15:38:21,2021-06-05T09:14:47
M0202,Elodie,Dubois,elodie.dubois@francemail.fr,+33-675432189,1987-03-08,18 Rue Victor Hugo,Lyon,Auvergne-Rhône-Alpes,69007,France,Silver,2022-02-10,2023-02-10,Active,2023-01-30,85.5,PayPal,2,171,43.3,2023-02-08,Attended leadership workshop and volunteered at food drive.,Event,2022-02-10T10:24:08,2023-02-10T17:19:39
M0203,Zara,Khan,zara.khan@ukclub.co.uk,+44-7912345678,1994-08-26,5 Abbey Road,Manchester,Greater Manchester,M13 9PL,United Kingdom,Gold,2019-09-09,2020-09-09,Active,2020-08-25,115,Credit Card,3,345,72.6,2020-09-08,Hosted member orientation and organized club soccer match.,Website,2019-09-09T16:12:11,2020-09-09T18:37:51
M0204,Mateo,Fernández,mateo.fernandez@esclub.es,+34-612345678,2006-05-13,22 Calle de la Luna,Madrid,Madrid,28013,Spain,Basic,2023-03-20,2024-03-20,Active,2024-03-01,15,Cash,1,15,8.4,2024-03-05,"Joined with family, attended youth workshop.",Event,2023-03-20T11:02:56,2024-03-20T13:33:40
M0205,Mia,Nguyen,mia.nguyen@vnclub.vn,+84-963457812,1999-01-21,48 Phan Chu Trinh,Hanoi,Ha Noi,100000,Vietnam,Silver,2021-11-17,2022-11-17,Active,2022-11-10,78.5,Bank Transfer,2,157,37.2,2022-11-12,Volunteered at fundraising event and attended seminar.,Social Media,2021-11-17T09:56:44,2022-11-17T15:35:22
M0206,Ravi,Patel,ravi.patel@indiaclub.in,+91-9812345678,1962-07-04,34 MG Road,Ahmedabad,Gujarat,380001,India,Platinum,2018-01-30,2020-01-30,Active,2020-01-10,275,Credit Card,6,1650,81.7,2020-01-25,"Donated to club scholarship, attended gala, led mentorship.",Referral,2018-01-30T15:21:31,2020-01-31T16:44:02
M0207,Ava,Williams,ava.williams@usclub.us,+1-3475127888,1984-12-17,1743 Maple Ave,New York,NY,10030,USA,Gold,2022-08-14,2023-08-14,Active,2023-08-01,122,Credit Card,3,366,69.9,2023-08-14,"Organized club outreach, attended monthly mixers.",Website,2022-08-14T17:43:15,2023-08-14T18:29:02
M0208,Sofia,García,sofia.garcia@arclub.com.ar,+54-91123456789,2009-03-25,102 Calle Belgrano,Buenos Aires,Buenos Aires,C1012,Argentina,Basic,2023-02-11,2024-02-11,Active,2024-02-05,11,Cash,1,11,6.7,2024-02-09,Attended youth camp and family day.,Event,2023-02-11T10:36:01,2024-02-11T14:03:37
M0209,Marius,Popescu,marius.popescu@roclub.ro,+40-721234567,1972-06-30,59 Str. Unirii,Bucharest,Bucharest,010101,Romania,Platinum,2017-12-05,2019-12-05,Active,2019-11-25,289,Bank Transfer,5,1445,77.8,2019-12-01,"Long-standing member, led major fundraising, attended gala.",Referral,2017-12-05T12:47:09,2019-12-05T16:22:58
M0210,Lina,Kim,lina.kim@krclub.kr,+82-1098765432,1997-09-04,231 Gangnam-daero,Seoul,Seoul,06130,South Korea,Gold,2021-05-22,2022-05-22,Active,2022-05-01,119,PayPal,2,238,61.3,2022-05-20,Regularly attends networking and cultural events.,Social Media,2021-05-22T11:42:16,2022-05-22T15:01:30
M0211,Khalid,Al-Farsi,khalid.alfarsi@aeclub.ae,+971-504321987,1968-05-02,77 Corniche Rd,Abu Dhabi,Abu Dhabi,34567,UAE,Platinum,2016-10-19,2018-10-19,Active,2018-10-10,300,Credit Card,8,2400,91.5,2018-10-17,"Major donor, led club expansion, attended international summit.",Other,2016-10-19T09:27:45,2018-10-20T12:53:08
M0212,Liam,Donnelly,liam.donnelly@ieclub.ie,+353-876543210,1988-06-15,9 O'Connell Street,Dublin,Leinster,D01F5P2,Ireland,Silver,2022-09-01,2023-09-01,Active,2023-08-15,82,Credit Card,2,164,38.9,2023-08-22,"Club cycling trip, participated in community cleanup.",Website,2022-09-01T12:07:23,2023-09-01T18:54:19
M0213,Olivia,Müller,olivia.muller@declub.de,+49-1571234567,1958-02-23,22 Berliner Str.,Berlin,Berlin,10117,Germany,Platinum,2015-04-30,2017-04-30,Active,2017-04-15,265,Bank Transfer,7,1855,74.1,2017-04-28,"Organized club anniversary, board member, donor.",Referral,2015-04-30T09:55:44,2017-04-30T12:28:36
M0214,Lucas,Santos,lucas.santos@brclub.com.br,+55-21987654321,1992-10-11,34 Avenida Brasil,Rio de Janeiro,RJ,22020-040,Brazil,Gold,2020-11-09,2021-11-09,Active,2021-10-30,110,PayPal,3,330,65.6,2021-11-07,"Organized hiking trip, attended community service.",Social Media,2020-11-09T14:17:29,2021-11-09T19:23:57
M0215,Emma,Walker,emma.walker@usclub.us,,2012-04-30,480 Oak St,Chicago,IL,60611,USA,Basic,2022-05-12,2023-05-12,Active,2023-05-01,12,Cash,1,12,7.9,2023-05-09,"Joined as part of family membership, attended field day.",Event,2022-05-12T10:34:36,2023-05-12T14:18:42
M0216,Noah,Lim,noah.lim@sgclub.sg,+65-81234567,1986-11-03,101 Orchard Rd,Singapore,Central Singapore,238859,Singapore,Gold,2021-01-15,2022-01-15,Active,2022-01-01,120,Credit Card,4,480,84.3,2022-01-15,"Regular event attendee, organized charity run.",Website,2021-01-15T12:30:18,2022-01-15T16:02:05
M0217,Lucas,Kowalski,lucas.kowalski@plclub.pl,+48-512345678,1970-12-29,67 ul. Słowackiego,Kraków,Małopolskie,30-002,Poland,Platinum,2014-03-05,2016-03-05,Active,2016-02-20,256.4,Bank Transfer,8,2051.2,89.6,2016-03-01,"Led regional chapter, organized annual summit.",Other,2014-03-05T09:10:34,2016-03-05T11:59:13
M0218,Chloe,Baker,chloe.baker@auclub.com.au,+61-423456789,1995-07-08,17 Spring St,Melbourne,VIC,3000,Australia,Silver,2023-06-15,2024-06-15,Active,2024-06-01,79,PayPal,2,158,41.7,2024-06-13,Attended networking brunch and skill-building workshop.,Website,2023-06-15T10:18:21,2024-06-15T16:29:46
M0219,Zachary,Brown,zachary.brown@usclub.us,+1-2138765432,2008-09-19,602 Palm Dr,Los Angeles,CA,90024,USA,Basic,2023-09-28,2024-09-28,Active,2024-09-01,14,Cash,1,14,5.6,2024-09-08,"Joined as youth member, attended club picnic.",Event,2023-09-28T13:03:52,2024-09-28T17:52:30
M0220,Julia,Fischer,julia.fischer@declub.de,+49-1512345678,1978-10-03,103 Mozartstr.,Munich,Bavaria,80335,Germany,Gold,2020-05-03,2021-05-03,Active,2021-04-20,116,Bank Transfer,3,348,63.2,2021-05-01,Participated in tech conference and charity gala.,Referral,2020-05-03T11:27:09,2021-05-03T18:02:18
M0221,Sven,Andersen,sven.andersen@dkclub.dk,+45-60123456,1952-03-28,20 Nyhavn,Copenhagen,Hovedstaden,1051,Denmark,Platinum,2013-02-17,2015-02-17,Active,2015-02-15,265,Credit Card,9,2385,79.2,2015-02-17,"Board member, major contributor, attended gala.",Other,2013-02-17T10:22:33,2015-02-17T14:37:15
M0222,Lucas,Dupont,lucas.dupont@francemail.fr,+33-677654321,2005-06-14,72 Avenue des Champs,Paris,Île-de-France,75008,France,Basic,2023-06-15,2024-06-15,Active,2024-06-01,18,Cash,1,18,11.3,2024-06-14,Attended youth event and family picnic.,Event,2023-06-15T08:15:18,2024-06-15T11:42:09
M0223,Sarah,Goldstein,sarah.goldstein@isclub.co.il,+972-528765432,1980-05-17,15 Herzl St,Tel Aviv,Tel Aviv,63321,Israel,Gold,2019-10-03,2020-10-03,Active,2020-09-15,121,Credit Card,3,363,59.4,2020-10-01,Hosted social night and joined community garden project.,Social Media,2019-10-03T11:43:26,2020-10-03T15:32:18
M0224,Emma,Carter,emma.carter@ukclub.co.uk,+44-7923456789,1989-01-19,49 Queen's Rd,London,Greater London,SW1A 1AA,United Kingdom,Silver,2022-03-21,2023-03-21,Active,2023-03-10,83,PayPal,2,166,37.5,2023-03-18,Attended professional development workshop.,Website,2022-03-21T15:26:41,2023-03-21T17:02:14
M0225,Yara,Haddad,yara.haddad@lbclub.com.lb,+961-71456789,2007-08-22,54 Bliss St,Beirut,Beirut,1103,Lebanon,Basic,2022-09-05,2023-09-05,Active,2023-08-20,13,Cash,1,13,9.8,2023-09-03,Attended new member orientation for students.,Event,2022-09-05T10:30:29,2023-09-05T14:17:32
M0226,Viktor,Novák,viktor.novak@czclub.cz,+420-606123456,1957-07-15,37 Smetanova,Brno,South Moravian,60200,Czech Republic,Platinum,2013-05-23,2015-05-23,Active,2015-05-20,295,Credit Card,10,2950,82.4,2015-05-23,Organized club exhibition and annual gala.,Referral,2013-05-23T09:14:11,2015-05-23T12:38:56
M0227,Fatima,Rahman,fatima.rahman@pkclub.pk,+92-3301122334,1983-05-24,101 Shahrah-e-Faisal,Karachi,Sindh,75500,Pakistan,Silver,2022-04-13,2023-04-13,Active,2023-04-07,87,Cash,2,174,28.2,2023-04-12,"Volunteered for club fundraiser, attended seminar.",Event,2022-04-13T15:29:22,2023-04-13T17:18:09
M0228,Nina,Petrov,nina.petrov@ruclub.ru,+7-9165432187,1990-08-11,14 Tverskaya St,Moscow,Moscow,101000,Russia,Gold,2021-12-14,2022-12-14,Active,2022-12-05,120,Credit Card,3,360,61.9,2022-12-13,"Hosted cultural festival, attended networking event.",Social Media,2021-12-14T12:54:30,2022-12-14T15:11:18
M0229,Ethan,Tan,ethan.tan@sgclub.sg,+65-96543210,2004-12-07,52 Bukit Timah Rd,Singapore,Central Singapore,259854,Singapore,Basic,2022-12-15,2023-12-15,Active,2023-12-01,17,Bank Transfer,1,17,14.3,2023-12-13,Participated in youth tech challenge event.,Event,2022-12-15T11:12:42,2023-12-15T14:17:33
M0230,Gabriel,Silva,gabriel.silva@brclub.com.br,+55-11987654321,1950-02-22,55 Rua Augusta,São Paulo,SP,01304-000,Brazil,Platinum,2012-07-18,2014-07-18,Active,2014-07-10,287,Bank Transfer,9,2583,70.2,2014-07-14,"Served on club board, led art festival.",Referral,2012-07-18T14:23:15,2014-07-18T18:01:32
M0231,Ella,Smith,ella.smith@usclub.us,,2007-01-17,900 Pine St,Seattle,WA,98101,USA,Basic,2023-01-20,2024-01-20,Active,2024-01-01,13,Cash,1,13,9.2,2024-01-17,"Attended club orientation, joined with parent.",Event,2023-01-20T13:32:21,2024-01-20T15:42:09
M0232,James,Evans,james.evans@usclub.us,+1-6469974312,1960-10-08,476 7th Ave,New York,NY,10018,USA,Gold,2018-08-15,2019-08-15,Lapsed,,,,1,99,0,,"No recent activity, membership lapsed.",Other,2018-08-15T09:54:13,2019-08-15T11:32:57
M0233,Sophia,Martínez,sophia.martinez@esclub.es,+34-684321987,1991-07-17,28 Avenida de América,Barcelona,Catalonia,08007,Spain,Silver,2022-10-14,2023-10-14,Active,2023-10-01,88,Credit Card,2,176,40.6,2023-10-13,"Volunteered at club forum, attended art workshop.",Website,2022-10-14T12:22:28,2023-10-14T17:39:54
M0234,Oliver,Ng,oliver.ng@hkclub.hk,+852-61234567,1983-03-12,99 Queen's Rd Central,Hong Kong,Central & Western,00001,Hong Kong,Gold,2020-07-15,2021-07-15,Active,2021-07-01,118,PayPal,3,354,66.2,2021-07-10,"Attended financial seminar, led club tour.",Social Media,2020-07-15T14:10:25,2021-07-15T17:55:43
M0235,Hanna,Eriksson,hanna.eriksson@swedenmail.se,,2009-11-20,44 Skogsvägen,Uppsala,Uppsala,75312,Sweden,Basic,2023-11-28,2024-11-28,Active,2024-11-20,10,Cash,1,10,6.2,2024-11-25,"Joined club with parent, attended youth fun day.",Event,2023-11-28T08:27:45,2024-11-28T12:19:09
M0236,Mark,Murphy,mark.murphy@ieclub.ie,+353-868123456,1977-09-05,22 Main St,Galway,Connacht,H91T2C2,Ireland,Gold,2021-03-02,2022-03-02,Active,2022-02-18,117,Credit Card,3,351,64.5,2022-03-01,"Organized club trip, attended volunteer event.",Referral,2021-03-02T16:54:37,2022-03-02T19:32:14
M0237,Nora,Weiss,nora.weiss@declub.de,+49-1765432109,1992-02-11,67 Hauptstr.,Cologne,NRW,50667,Germany,Silver,2023-02-15,2024-02-15,Active,2024-02-01,80,PayPal,2,160,39.7,2024-02-14,Participated in skill seminar and breakfast event.,Website,2023-02-15T10:45:11,2024-02-15T13:54:32
M0238,Anna,Schmidt,anna.schmidt@declub.de,+49-1598765432,2003-06-16,19 Goetheallee,Hamburg,Hamburg,22529,Germany,Basic,2022-06-16,2023-06-16,Lapsed,,,,1,15,0,,"No recent activity, membership lapsed.",Other,2022-06-16T13:09:32,2023-06-16T15:45:19
M0239,Mohamed,Ali,mohamed.ali@egclub.com.eg,+20-1223456789,1985-04-22,58 Tahrir St,Cairo,Cairo,11511,Egypt,Silver,2021-04-28,2022-04-28,Active,2022-04-14,85.5,Bank Transfer,2,171,37.8,2022-04-27,"Volunteered at club open day, attended lecture.",Event,2021-04-28T09:14:25,2022-04-28T13:11:08
M0240,Isabella,Costa,isabella.costa@brclub.com.br,+55-11987654322,1996-11-02,99 Avenida Paulista,São Paulo,SP,01311-000,Brazil,Gold,2022-11-02,2023-11-02,Active,2023-10-25,115,Credit Card,3,345,70.1,2023-11-01,"Coordinated club outreach, attended fundraiser.",Website,2022-11-02T12:56:28,2023-11-02T15:21:11
M0241,Matteo,Bianchi,matteo.bianchi@itclub.it,+39-3387654321,1955-12-03,87 Via Garibaldi,Milan,Lombardia,20121,Italy,Platinum,2011-06-25,2013-06-25,Active,2013-06-20,292,Credit Card,10,2920,83.1,2013-06-25,"Long-term member, organized annual gala.",Referral,2011-06-25T13:09:09,2013-06-25T18:22:45
M0242,Leah,Johnson,leah.johnson@usclub.us,+1-3124478901,1997-02-20,2100 Lincoln Ave,Chicago,IL,60614,USA,Silver,2022-10-12,2023-10-12,Active,2023-10-01,80,PayPal,2,160,42.1,2023-10-10,"Attended member orientation, volunteered in club event.",Website,2022-10-12T10:32:10,2023-10-12T14:43:37
M0243,Maya,Kapoor,maya.kapoor@indiaclub.in,,2011-09-03,55 Ring Road,Delhi,Delhi,110021,India,Basic,2022-09-12,2023-09-12,Active,2023-09-01,16,Cash,1,16,10,2023-09-10,"Joined club with parent, attended youth event.",Event,2022-09-12T15:19:14,2023-09-12T18:45:23
M0244,David,O'Malley,david.omalley@ieclub.ie,+353-873467890,1982-06-06,4 Eyre Square,Galway,Connacht,H91A3K0,Ireland,Silver,2021-06-06,2022-06-06,Cancelled,,,,1,82,0,,"Membership cancelled, no recent activity.",Website,2021-06-06T15:22:56,2022-06-06T17:35:13
M0245,Charlotte,Lee,charlotte.lee@hkclub.hk,+852-68123456,1984-11-22,3 Nathan Rd,Kowloon,Yau Tsim Mong,00002,Hong Kong,Gold,2022-11-22,2023-11-22,Active,2023-11-10,121,Credit Card,3,363,71.8,2023-11-20,"Attended business forum, organized club social.",Website,2022-11-22T10:11:09,2023-11-22T13:23:45
M0246,Sebastian,Müller,sebastian.muller@declub.de,+49-1712345678,1976-10-26,2 Beethovenstr.,Bonn,NRW,53113,Germany,Gold,2020-10-26,2021-10-26,Active,2021-10-01,113,Bank Transfer,3,339,60.1,2021-10-25,"Organized club hike, led volunteer team.",Referral,2020-10-26T15:18:21,2021-10-26T17:29:48
M0247,Leo,Nguyen,leo.nguyen@vnclub.vn,+84-915432187,1988-02-16,11 Ton Duc Thang,Ho Chi Minh City,HCMC,700000,Vietnam,Silver,2023-02-16,2024-02-16,Active,2024-02-01,81,Cash,2,162,35,2024-02-15,Attended skill-building workshop and charity event.,Website,2023-02-16T09:41:33,2024-02-16T13:25:16
M0248,Aiden,Thompson,aiden.thompson@usclub.us,+1-3024457811,1994-04-07,78 Market St,Philadelphia,PA,19107,USA,Silver,2022-04-07,2023-04-07,Active,2023-03-25,82,Credit Card,2,164,37.2,2023-04-05,Volunteered at club event and attended seminar.,Website,2022-04-07T14:17:22,2023-04-07T17:23:03
M0249,Lucas,Martins,lucas.martins@brclub.com.br,,2008-01-12,10 Rua das Flores,Curitiba,PR,80010-020,Brazil,Basic,2023-01-18,2024-01-18,Active,2024-01-05,11,Cash,1,11,7.1,2024-01-14,"Joined as youth member, attended club sports day.",Event,2023-01-18T10:22:10,2024-01-18T13:41:29
M0250,Jacob,Lee,jacob.lee@krclub.kr,+82-1012456789,1983-12-04,54 Teheran-ro,Seoul,Seoul,06180,South Korea,Gold,2022-12-04,2023-12-04,Active,2023-11-30,120,Credit Card,4,480,72.3,2023-12-04,"Participated in cultural seminar, organized club trip.",Social Media,2022-12-04T11:59:22,2023-12-04T16:11:23
M0401,Isabel,De la Cruz,isabel.delacruz@club.es,+34-678912345,1972-07-13,Calle Mayor 9,Madrid,Comunidad de Madrid,28013,Spain,Gold,2021-09-15,2022-09-15,Active,2022-08-20,120,Credit Card,4,480,76.4,2022-09-10,Volunteered for club fundraiser and attended monthly meetings.,Referral,2021-09-15T09:12:00,2022-09-15T10:02:11
M0402,Lucas,Fernández,lucas.fernandez@club.es,+34-645123768,1987-03-22,Avenida de América 22,Sevilla,Andalucia,41012,Spain,Silver,2022-02-05,2023-02-05,Active,2023-01-20,65,PayPal,2,130,62.7,2023-01-25,"Regular event attendance, participated in networking event.",Website,2022-02-05T15:02:21,2023-02-05T09:31:58
M0403,Maja,Kovačić,maja.kovacic@club.hr,+385-912345678,1993-11-06,Ulica Zrinjski 7,Zagreb,Grad Zagreb,10000,Croatia,Gold,2020-11-18,2021-11-18,Active,2021-11-10,129.2,Credit Card,3,387.6,84.1,2021-11-18,Active in club workshops and monthly meetups.,Event,2020-11-18T10:14:39,2021-11-18T13:20:57
M0404,Chloe,Martin,chloe.martin@club.fr,+33-612345987,2008-04-11,Rue du Parc 16,Paris,Île-de-France,75015,France,Basic,2023-03-17,2024-03-17,Active,2023-03-18,15,Cash,1,15,9.8,2023-03-19,Attended family-friendly club event.,Event,2023-03-17T11:01:03,2023-03-18T09:05:02
M0405,Aditya,Rao,aditya.rao@club.in,+91-9876543210,1970-01-30,MG Road 89,Bangalore,Karnataka,560001,India,Platinum,2019-06-05,2021-06-05,Active,2021-06-01,299,Bank Transfer,6,1794,89,2021-06-04,Donated for club infrastructure and volunteered at gala.,Referral,2019-06-05T08:45:21,2021-06-05T12:14:22
M0406,Petra,Nováková,petra.novakova@club.cz,+420-602345789,1989-05-27,Vinohradská 12,Prague,Prague,12000,Czech Republic,Silver,2022-07-02,2023-07-02,Active,2023-06-20,79.5,Credit Card,2,159,51.9,2023-06-30,Participated in local youth engagement workshop.,Website,2022-07-02T14:16:53,2023-07-02T11:02:17
M0407,Yusuf,Kaya,yusuf.kaya@club.tr,+90-5312345678,2004-12-12,Ataturk Caddesi 70,Istanbul,Istanbul,34000,Turkey,Basic,2023-05-22,2024-05-22,Active,2023-05-23,18.5,Cash,1,18.5,10.4,2023-05-25,Joined youth soccer event.,Event,2023-05-22T10:22:41,2023-05-23T11:04:27
M0408,Sophia,O’Donnell,sophia.odonnell@club.ie,+353-861234567,1990-02-27,St Stephen's Green 5,Dublin,Leinster,D02XE01,Ireland,Gold,2022-04-14,2023-04-14,Active,2023-03-20,115,PayPal,3,345,67.8,2023-04-01,Organized charity walk and attended social mixers.,Social Media,2022-04-14T09:27:32,2023-04-14T14:15:13
M0409,Minh,Nguyen,minh.nguyen@club.vn,+84-901234567,1997-09-02,Ly Tu Trong 21,Ho Chi Minh City,Ho Chi Minh,700000,Vietnam,Silver,2023-01-12,2024-01-12,Active,2024-01-10,70,Credit Card,2,140,44.5,2024-01-11,Attended regional member onboarding and monthly meetups.,Website,2023-01-12T10:05:50,2024-01-12T16:21:32
M0410,Léa,Dubois,lea.dubois@club.fr,+33-656789123,1963-02-01,Boulevard Victor 28,Paris,Île-de-France,75015,France,Platinum,2018-10-31,2020-10-31,Active,2020-10-10,299.9,Bank Transfer,7,2099.3,92.6,2020-10-20,"Long-standing member, hosted annual charity events.",Referral,2018-10-31T11:22:17,2020-10-31T17:08:10
M0411,Niklas,Sørensen,niklas.sorensen@club.dk,+45-20987654,1982-11-19,Vestergade 17,Copenhagen,Hovedstaden,1552,Denmark,Gold,2020-06-08,2021-06-08,Lapsed,2021-05-15,120,PayPal,5,600,12,2021-05-20,"Missed recent events, previously active.",Other,2020-06-08T12:01:44,2021-06-08T10:22:07
M0412,Sofia,Garcia,sofia.garcia@club.ar,+54-91123456789,2010-01-16,Calle Sarmiento 35,Buenos Aires,Ciudad Autónoma,C1041,Argentina,Basic,2023-10-02,2024-10-02,Active,2023-10-03,12,Cash,1,12,7.9,2023-10-04,Participated in youth art program.,Event,2023-10-02T10:16:13,2023-10-03T11:22:19
M0413,Amelie,Schäfer,amelie.schaefer@club.de,+49-1734567890,1974-12-23,Goethestrasse 14,Berlin,Berlin,10117,Germany,Gold,2021-05-09,2022-05-09,Active,2022-04-20,110,Bank Transfer,3,330,72.3,2022-05-02,Volunteer for club events and monthly book club.,Referral,2021-05-09T09:23:55,2022-05-09T14:18:01
M0414,Ngoc,Tran,ngoc.tran@club.vn,+84-908765432,2013-08-21,Nguyen Hue 33,Da Nang,Da Nang,550000,Vietnam,Basic,2022-09-07,2023-09-07,Active,2022-09-08,9.5,Cash,1,9.5,6.1,2022-09-09,Attended family day event.,Event,2022-09-07T12:22:49,2022-09-08T10:01:37
M0415,Layla,Al-Farsi,layla.alfarsi@club.om,+968-96123456,1983-06-14,Al Khuwair St 77,Muscat,Muscat,133,Oman,Silver,2022-10-01,2023-10-01,Active,2023-09-27,80,PayPal,2,160,41.5,2023-09-30,Active in club's women's outreach program.,Social Media,2022-10-01T09:25:34,2023-10-01T10:03:33
M0416,Elena,Popova,elena.popova@club.ru,+7-4951234567,1959-09-02,Lenina ulitsa 50,Moscow,Moscow,101000,Russia,Platinum,2017-04-03,2019-04-03,Active,2019-03-28,260,Bank Transfer,8,2080,85.7,2019-03-29,"Organized senior members program, frequent donor.",Other,2017-04-03T10:18:02,2019-04-03T11:45:22
M0417,Grace,Ng,grace.ng@club.sg,+65-91234567,1998-02-17,Orchard Road 101,Singapore,Central Singapore,238899,Singapore,Silver,2022-11-10,2023-11-10,Active,2023-11-07,78,Credit Card,2,156,56.9,2023-11-09,"Helped organize youth events, participated in club fair.",Social Media,2022-11-10T15:19:55,2023-11-10T10:25:12
M0418,Enzo,Fabbri,enzo.fabbri@club.it,+39-3471234567,1957-06-03,Via Roma 18,Milan,Lombardia,20121,Italy,Gold,2019-03-20,2020-03-20,Lapsed,2020-03-10,110,Cash,4,440,15.3,2020-03-12,Reduced participation in recent years.,Other,2019-03-20T11:11:31,2020-03-20T12:02:01
M0419,Olivia,Baker,olivia.baker@club.ca,+1-6471234567,1984-04-10,Queen St W 157,Toronto,ON,M5V2Y9,Canada,Silver,2023-07-18,2024-07-18,Active,2024-07-12,59,Credit Card,2,118,44,2024-07-14,Regularly attends monthly social mixers.,Website,2023-07-18T08:15:21,2024-07-18T10:32:11
M0420,Yara,Ben Mahmoud,yara.benmahmoud@club.tn,+216-20123456,1976-11-22,Avenue Habib Bourguiba 120,Tunis,Tunis,1001,Tunisia,Gold,2021-02-17,2022-02-17,Active,2022-02-11,120,Bank Transfer,3,360,63.3,2022-02-16,Active volunteer for club outreach.,Referral,2021-02-17T08:21:14,2022-02-17T12:05:43
M0421,Jasper,Evans,jasper.evans@club.au,+61-412345678,2007-12-19,George St 55,Sydney,NSW,2000,Australia,Basic,2023-06-10,2024-06-10,Active,2023-06-11,17.2,Cash,1,17.2,10.1,2023-06-12,Attends youth sports events.,Event,2023-06-10T09:51:41,2023-06-11T10:22:49
M0422,Sara,Rossi,sara.rossi@club.it,+39-3481234567,1981-08-01,Via Dante 49,Rome,Lazio,00184,Italy,Silver,2022-10-28,2023-10-28,Active,2023-10-23,70,Credit Card,2,140,38.2,2023-10-25,Hosted club brunch and attended networking event.,Website,2022-10-28T14:37:02,2023-10-28T10:15:09
M0423,Ava,Johansson,ava.johansson@club.se,+46-701234567,1995-03-20,Kungsgatan 80,Stockholm,Stockholm,11122,Sweden,Gold,2021-07-03,2022-07-03,Active,2022-06-28,120,Credit Card,2,240,70.2,2022-07-01,Leads club hiking group and attends monthly socials.,Social Media,2021-07-03T10:02:45,2022-07-03T11:12:54
M0424,Benjamin,Keller,benjamin.keller@club.de,+49-1523456789,1968-02-15,Friedrichstrasse 21,Hamburg,Hamburg,20099,Germany,Platinum,2016-01-17,2018-01-17,Active,2018-01-14,290,Credit Card,8,2320,97.8,2018-01-15,"Hosted annual donor dinner, supports club initiatives.",Referral,2016-01-17T09:11:24,2018-01-17T10:12:34
M0425,Mei,Wang,mei.wang@club.cn,+86-13912345678,1989-10-05,Nanjing Rd 200,Shanghai,Shanghai,200001,China,Silver,2023-05-13,2024-05-13,Active,2024-05-10,80,Credit Card,2,160,55.3,2024-05-12,Active in club's art initiatives.,Website,2023-05-13T10:03:12,2024-05-13T10:10:25
M0426,Thomas,Müller,thomas.mueller@club.de,+49-1601234567,1960-05-20,Bahnhofstrasse 9,Munich,Bayern,80335,Germany,Platinum,2015-09-29,2017-09-29,Active,2017-09-27,300,Credit Card,10,3000,98.6,2017-09-28,"Lifetime member, major donor and event host.",Referral,2015-09-29T10:20:01,2017-09-29T10:10:31
M0427,Manuel,Ortiz,manuel.ortiz@club.mx,+52-5512345678,1988-03-08,Avenida Reforma 300,Mexico City,CDMX,01020,Mexico,Gold,2022-12-11,2023-12-11,Active,2023-12-05,120,Credit Card,2,240,61.2,2023-12-09,Monthly volunteer for club's outreach.,Referral,2022-12-11T09:12:22,2023-12-11T10:11:14
M0428,Emma,Smith,emma.smith@club.uk,+44-7912345678,1993-12-16,High St 204,London,Greater London,SW1A2AA,United Kingdom,Silver,2022-09-18,2023-09-18,Active,2023-09-14,70,Credit Card,2,140,44.5,2023-09-16,Active in club's London networking events.,Website,2022-09-18T09:21:55,2023-09-18T10:12:07
M0429,Jin,Park,jin.park@club.kr,+82-1023456789,2006-07-29,Teheran-ro 88,Seoul,Seoul,06170,South Korea,Basic,2022-11-21,2023-11-21,Active,2022-11-22,16,Cash,1,16,10.2,2022-11-23,Attends junior club meetings.,Event,2022-11-21T10:22:19,2022-11-22T10:10:25
M0430,Tariq,Hassan,tariq.hassan@club.ae,+971-501234567,1980-07-05,Sheikh Zayed Rd 105,Dubai,Dubai,00000,UAE,Silver,2022-01-05,2023-01-05,Active,2023-01-03,85,Credit Card,2,170,58.6,2023-01-04,Joined Dubai chapter and volunteered at expo.,Social Media,2022-01-05T09:12:27,2023-01-05T10:13:31
M0431,Hannah,Peterson,hannah.peterson@club.us,+1-3125556789,1979-09-22,W Madison St 120,Chicago,IL,60602,USA,Gold,2021-12-12,2022-12-12,Active,2022-12-01,120,Credit Card,3,360,60.8,2022-12-09,"Active in Chicago chapter, regular event attendee.",Website,2021-12-12T13:01:22,2022-12-12T09:12:16
M0432,Stefan,Ivanov,stefan.ivanov@club.bg,+359-887123456,1967-10-30,Bulgaria Blvd 56,Sofia,Sofia,1000,Bulgaria,Platinum,2014-03-04,2016-03-04,Active,2016-03-02,265,Bank Transfer,9,2385,96.2,2016-03-03,Lead organizer for annual charity gala.,Referral,2014-03-04T09:11:22,2016-03-04T10:12:31
M0433,Eva,López,eva.lopez@club.mx,+52-5587654321,2009-02-04,Calle Juárez 77,Guadalajara,Jalisco,44100,Mexico,Basic,2022-03-15,2023-03-15,Active,2022-03-16,10,Cash,1,10,8.2,2022-03-18,Attended club's family day.,Event,2022-03-15T10:09:21,2022-03-16T11:12:24
M0434,Yuki,Tanaka,yuki.tanaka@club.jp,+81-9045123456,1992-04-16,Shinjuku 2-11-3,Tokyo,Tokyo,1600022,Japan,Gold,2021-01-30,2022-01-30,Lapsed,2022-01-22,99,Credit Card,1,99,4.5,2022-01-25,"Missed club event, low recent engagement.",Other,2021-01-30T11:22:13,2022-01-30T09:10:11
M0435,Marta,Rodrigues,marta.rodrigues@club.pt,+351-912345678,1975-03-12,Rua de Santa Catarina 112,Porto,Porto,4000-447,Portugal,Gold,2020-03-24,2021-03-24,Active,2021-03-14,120,Credit Card,4,480,76.3,2021-03-20,Volunteer for club's charity drive.,Referral,2020-03-24T09:11:57,2021-03-24T10:12:45
M0436,Fatima,Mohamed,fatima.mohamed@club.eg,+20-1012345678,1982-05-07,Tahrir St 23,Cairo,Cairo,11511,Egypt,Silver,2022-08-02,2023-08-02,Active,2023-07-30,72,Bank Transfer,2,144,39.1,2023-07-31,Joined club's community outreach team.,Other,2022-08-02T10:15:39,2023-08-02T09:12:11
M0437,Mateo,Ramírez,mateo.ramirez@club.co,+57-3123456789,1999-08-09,Carrera 7 No 123,Bogotá,Bogotá,110111,Colombia,Gold,2021-11-01,2022-11-01,Active,2022-10-27,110,Credit Card,2,220,66.7,2022-10-30,Attended club's annual cultural event.,Event,2021-11-01T09:10:10,2022-11-01T10:12:33
M0438,Charlotte,Lee,charlotte.lee@club.hk,+852-91234567,1987-01-25,Nathan Rd 350,Hong Kong,Hong Kong Island,999077,Hong Kong,Silver,2022-04-08,2023-04-08,Active,2023-04-05,81,PayPal,2,162,58.2,2023-04-07,Assists with club's networking events.,Website,2022-04-08T14:05:13,2023-04-08T10:03:22
M0439,Omar,Rahman,omar.rahman@club.sa,+966-551234567,1972-11-12,King Fahd Rd 210,Riyadh,Riyadh,11564,Saudi Arabia,Gold,2020-12-05,2021-12-05,Active,2021-12-02,120,Bank Transfer,2,240,54.3,2021-12-03,Supports club growth initiatives.,Referral,2020-12-05T09:13:21,2021-12-05T10:10:33
M0440,Levi,Morrison,levi.morrison@club.nz,+64-212345678,2008-09-05,Queen St 39,Auckland,Auckland,1010,New Zealand,Basic,2022-08-11,2023-08-11,Active,2022-08-12,15,Cash,1,15,8.6,2022-08-13,Attends junior club programs.,Event,2022-08-11T09:12:44,2022-08-12T10:11:29
M0441,Katarina,Jovanović,katarina.jovanovic@club.rs,+381-641234567,1986-11-03,Knez Mihailova 10,Belgrade,Belgrade,11000,Serbia,Silver,2022-03-02,2023-03-02,Active,2023-02-28,80,Credit Card,2,160,46.8,2023-03-01,Regular participant in club workshops.,Website,2022-03-02T09:22:25,2023-03-02T10:10:21
M0442,Noah,Johnson,noah.johnson@club.us,+1-6465557890,1991-06-24,Broadway 355,New York,NY,10007,USA,Gold,2022-06-02,2023-06-02,Active,2023-05-30,120,Credit Card,2,240,68.7,2023-06-01,Attends club's monthly networking event.,Website,2022-06-02T10:14:22,2023-06-02T09:11:56
M0443,Anika,Singh,anika.singh@club.in,+91-9871234567,1985-10-11,Connaught Place 4,Delhi,Delhi,110001,India,Silver,2022-05-12,2023-05-12,Active,2023-05-08,75,Credit Card,2,150,49.3,2023-05-10,Coordinated youth club events.,Website,2022-05-12T14:11:23,2023-05-12T10:15:31
M0444,Nia,Williams,nia.williams@club.uk,+44-7812345678,1994-03-14,Oxford Rd 12,Manchester,Greater Manchester,M13 9PL,United Kingdom,Silver,2022-06-05,2023-06-05,Active,2023-06-01,68,PayPal,2,136,42.7,2023-06-04,Joined club's arts committee.,Social Media,2022-06-05T09:22:11,2023-06-05T10:03:44
M0445,Alexander,Volkov,alexander.volkov@club.ru,+7-9212345678,1956-10-11,Nevsky Prospect 101,St Petersburg,Saint Petersburg,191025,Russia,Platinum,2013-01-27,2015-01-27,Active,2015-01-24,275,Bank Transfer,10,2750,94.2,2015-01-26,Major donor and event host.,Referral,2013-01-27T10:09:24,2015-01-27T11:10:32
M0446,Zoë,Dumont,zoe.dumont@club.fr,+33-671234567,2005-06-01,Avenue Montaigne 44,Nice,Provence-Alpes,06000,France,Basic,2022-12-11,2023-12-11,Active,2022-12-12,17.5,Cash,1,17.5,11.3,2022-12-13,Attends junior club programs.,Event,2022-12-11T09:10:31,2022-12-12T10:11:25
M0447,Samuel,Brown,samuel.brown@club.ca,+1-4165551234,1966-05-19,Yonge St 500,Toronto,ON,M4W1J7,Canada,Platinum,2010-11-10,2012-11-10,Active,2012-11-08,300,Credit Card,10,3000,99.8,2012-11-09,"Lifetime member, key donor and club leader.",Referral,2010-11-10T10:11:32,2012-11-10T09:10:21
M0448,Lina,Haddad,lina.haddad@club.lb,+961-13123456,1986-02-14,Hamra St 55,Beirut,Beirut,1103,Lebanon,Silver,2022-05-21,2023-05-21,Active,2023-05-19,77,Credit Card,2,154,59.5,2023-05-20,Active in club's Beirut chapter.,Website,2022-05-21T10:10:44,2023-05-21T11:22:15
M0449,Ethan,Clark,ethan.clark@club.us,+1-4155554321,1992-12-02,Market St 390,San Francisco,CA,94111,USA,Gold,2021-07-15,2022-07-15,Active,2022-07-10,120,Credit Card,2,240,78.2,2022-07-14,Leads club's tech initiatives.,Social Media,2021-07-15T08:13:21,2022-07-15T09:11:54
M0450,Anna,Lindström,anna.lindstrom@club.se,+46-702345678,1997-05-30,Sveavägen 23,Gothenburg,Västra Götaland,41135,Sweden,Silver,2023-09-16,2024-09-16,Active,2024-09-10,79,Credit Card,2,158,55.8,2024-09-13,Active in club's sustainability committee.,Website,2023-09-16T10:15:44,2024-09-16T11:10:32